的,hapi
白,ha
不,mf
一,m
我,hqi
戈,i
是,amyo
日,a
人,o
有,kb
月,b
了,nn
大,k
國,wirm
囗,bm
來,doo
生,hqm
在,klg
土,g
子,nd
們,oan
中,l
上,ym
他,opd
時,agdi
小,nc
地,gpd
出,uu
凵,vl
以,vio
學,hbnd
可,mnr
口,r
自,hbu
這,yymr
會,omwa
曰,a
成,ihs
家,jmso
到,mgln
刀,sh
為,iknf
火,f
天,mk
心,p
年,oq
干,mj
然,bkf
要,mwv
襾,mub
得,hoami
彳,ho
說,yrcru
言,ymmr
過,ybbr
字,jnd
頻,yhmbc
部,yrnl
筆,hlq
現,mgbuu
累,wvif
積,hdqmc
序,inin
號,rsypn
首,thbu
畫,lgwm
次,imno
百,ma
分,csh
比,pp
個,owjr
著,tjka
艸,uu
能,ibpp
肉,obo
下,my
動,hgks
力,ks
發,nonhe
臺,grbg
至,mig
麼,icvi
麻,idd
車,jwj
那,sqnl
邑,rau
行,hommn
經,vfmvm
糸,vif
去,gi
好,vnd
女,v
開,anmt
門,an
玉,mgi
就,yfiku
尢,ku
作,oos
後,hovie
多,nini
夕,ni
方,yhs
如,vr
事,jlln
公,ci
八,ho
看,hqbu
目,bu
也,pd
乙,nu
長,smv
面,mwsl
起,goru
走,gyo
裡,lwg
衣,yhv
高,yrbr
用,bq
業,tctd
木,d
你,onf
因,wk
而,mbll
市,ylb
巾,lb
於,ysoy
道,ythu
外,niy
沒,ene
水,e
無,otf
同,bmr
法,egi
前,tbln
電,mbwu
雨,mlby
民,rvp
氏,hvp
對,tgdi
寸,di
兒,hxhu
儿,lu
之,ino
文,yk
當,fbrw
田,w
教,jdok
新,ydhml
斤,hml
意,ytap
情,pqmb
所,hshml
戶,hs
實,jwjc
工,mlm
全,omg
入,oh
定,jmyo
美,tgk
羊,tq
理,mgwg
頭,mtmbc
頁,mbuc
本,dm
明,ab
氣,onfd
气,omn
進,yog
樣,dtge
都,janl
主,yg
間,ana
老,jkp
想,dup
重,hjwg
里,wg
體,bbtwt
骨,bbb
山,u
物,hqphh
牛,hq
知,okr
矢,ok
手,q
相,dbu
回,wr
性,phqm
果,wd
政,mmok
只,rc
此,ymp
止,ylm
代,oip
和,hdr
活,ehjr
媽,vsqf
親,ydbuu
見,buhu
化,op
匕,uh
加,ksr
影,afhhh
什,oj
身,hxh
己,su
灣,evfn
機,dvii
常,fbrlb
其,tmmc
正,mylm
世,pt
北,lmp
花,top
合,omr
場,gamh
海,eowy
者,jka
表,qmv
問,anr
立,yt
西,mcw
還,ywlv
最,asje
感,irp
告,hgr
度,ite
光,fmu
點,wfyr
黑,wgf
色,nau
種,hdhjg
禾,hd
少,fh
風,hnhli
資,iobuc
貝,buc
她,vpd
期,tcb
利,hdln
保,ord
友,ke
又,nk
樂,vid
關,anvit
品,rrr
書,lga
金,c
師,hrmlb
產,ykmhm
但,oam
觀,tgbuu
平,mfj
太,ki
名,nir
空,jcm
穴,jc
變,vfok
安,jv
聲,gesj
耳,sj
路,rmher
足,ryo
從,hoooo
爸,ckau
父,ck
很,hoav
真,jbmc
許,yroj
些,ypmm
二,mm
母,wyi
毋,wjh
孩,ndyvo
展,stv
尸,s
像,onao
信,oymr
今,oin
應,iogp
特,hqgdi
十,j
東,dw
話,yrhjr
原,mhaf
厂,mh
內,ob
把,qau
病,kmob
星,ahqm
員,rbuc
提,qamo
總,vfhwp
愛,bbpe
片,llml
眼,buav
統,vfyiu
由,lw
界,woll
受,bbe
使,ojlk
朋,bb
通,ynib
球,mgije
別,rsln
已,su
覺,hbbuu
廣,itlc
計,yrj
結,vfgr
接,qytv
選,yruc
打,qmn
先,hghu
才,dh
認,yrsip
候,olnk
望,ybhg
神,iflwl
示,mmf
何,omnr
處,yphen
虍,yp
放,ysok
做,ojrk
題,aombc
向,hbr
位,oyt
收,vlok
運,ybjj
三,mmm
建,nklq
數,lvok
解,nbshq
角,nbg
流,eyiu
形,mthhh
量,amwg
再,mgb
兩,mlbo
清,eqmb
馬,sqsf
童,ytwg
式,ipm
弋,ip
直,jbmm
傳,ojii
難,toog
隹,og
管,hjrr
竹,h
院,nljmu
阜,hrj
快,pdk
造,yhgr
記,yrsu
必,ph
視,ifbuu
設,yrhne
欠,no
引,nl
弓,n
音,yta
報,gjsle
滿,etlb
術,hoicn
命,omrl
社,ifg
演,ejmc
交,yck
司,smr
住,oyg
育,yib
聽,sgjwp
商,ycbr
反,he
幾,vihi
邊,yhus
舉,hcq
臼,hx
醫,semcw
酉,mcwm
系,hvif
治,eir
給,vfomr
任,ohg
轉,jjjii
導,yudi
辦,yjksj
辛,ytj
喜,grtr
園,wgrv
遠,ygrv
價,omwc
科,hdyj
怎,osp
四,wc
非,lmsy
區,srrr
歡,tgno
完,jmmu
往,hoyg
南,jbtj
容,jcor
服,bsle
近,yhml
調,yrbgr
指,qpa
象,napo
豕,msho
校,dyck
林,dd
未,jd
程,hdrhg
改,suok
求,ije
始,vir
帶,kpblb
失,hqo
制,hbln
精,fdqmb
米,fd
務,nhhes
更,mlwk
每,owyi
紅,vfm
陸,nlgcg
笑,hhk
輕,jjmvm
吃,ron
節,hail
強,nili
單,rrwj
石,mr
古,jr
深,ebcd
房,hsyhs
整,dkmym
專,jidi
論,yromb
等,hgdi
投,qhne
考,jkmvs
斯,tchml
陽,nlamh
功,mks
遊,yysd
推,qog
語,yrmmr
念,oinp
英,tlbk
研,mrmt
樹,dgti
張,nsmv
創,orln
環,mgwlv
型,mng
便,omlk
興,hxbc
速,ydl
義,tghqi
落,tehr
達,ygtq
戰,rji
質,hlbuc
思,wp
濟,eyx
營,ffbrr
讀,yrgwc
縣,bfhvf
費,lnbuc
客,jher
賽,jtcc
持,qgdi
華,tmtj
青,qmb
線,vfhae
格,dher
河,emnr
熱,gif
識,yryia
共,tc
故,jrok
離,ybog
決,edk
王,mg
呢,rsp
腦,bvvw
連,yjwj
團,wjii
步,ylmh
卻,crsl
取,sje
布,klb
消,efb
男,wks
黃,tmlc
類,fkmbc
死,mnp
歹,mni
包,pru
亞,mllm
際,nlbof
士,jm
眾,wlooo
黨,fbrwf
照,arf
且,bm
早,aj
飛,nohto
及,nhe
參,iiih
究,jckn
寫,jhxf
易,aphh
備,othb
基,tcg
景,ayrf
算,hbut
半,fq
各,her
件,ohq
府,iodi
雖,riog
夫,qo
響,vlyta
爭,bsd
爪,hlo
細,vfw
或,irm
軍,bjwj
叫,rvl
議,yrtgi
苦,tjr
食,oiav
第,hnlh
香,hda
德,hojwp
技,qje
元,mmu
史,lk
城,gihs
紀,vfsu
它,jp
條,olhd
境,gytu
排,qlmy
與,hxyc
藝,tgii
標,dmwf
該,yryvo
斷,vihml
集,ogd
器,rrikr
養,toiav
企,oylm
態,ipp
切,psh
助,bmks
夜,yonk
準,egj
根,dav
聯,sjvit
終,vfhey
除,nlomd
權,dtrg
乎,hfd
領,oimbc
錢,cii
案,jvd
驗,sfomo
勢,giks
奇,kmnr
並,ttc
規,qobuu
顯,afmbc
具,bmmc
萬,twlb
禸,ib
存,klnd
底,ihpm
將,vmbdi
圖,wrjw
晚,anau
歷,mhdm
詩,yrgdi
低,ohpm
拉,qyt
座,ioog
春,qka
約,vfpi
希,kklb
假,orse
預,nnmbc
官,jrlr
似,ovio
獨,khwli
犬,ik
增,gcwa
即,aisl
坐,oog
鄉,vhiil
找,qi
刻,yoln
爾,mfbk
爻,kk
需,mbmbl
草,taj
久,no
五,mdm
戲,yti
室,jmig
局,ssr
絕,vfshu
確,mrobg
續,vfgwc
率,yioj
玄,yvi
效,ykok
油,elw
留,hhw
克,jrhu
例,omnn
溫,ewot
班,mgilg
洲,eill
證,yrnot
嚴,rrmmk
組,vfbm
況,erhu
裝,vgyhv
值,ojbm
極,dmem
亮,yrbn
味,rjd
令,oini
須,hhmbc
廠,ifbk
弟,cnlh
港,etcu
護,yrtoe
願,mfmbc
哥,mrnr
腳,bcrl
料,fdyj
斗,yj
則,bcln
銀,cav
查,dam
習,smha
羽,smsim
製,hnyhv
雄,kiog
健,onkq
訴,yrhmy
注,eyg
痛,knib
血,hbt
狀,vmik
登,nomrt
越,goiv
族,ysook
龍,ybysp
省,fhbu
級,vfnhe
葉,tptd
跟,rmav
劇,yoln
蘭,tanw
異,wtc
趣,gosje
魚,nwf
職,sjyia
請,yrqmb
居,sjr
源,emhf
隨,nlykb
優,ombe
李,dnd
配,mwsu
舞,otniq
舛,niq
險,nlomo
破,mrdhe
壓,mkg
防,nlyhs
股,bhne
歌,mrno
列,mnln
農,twmmv
辰,mmmv
般,hyhne
舟,hbyi
福,ifmrw
密,jphu
嗎,rsqf
緊,sevif
謝,yrhhi
充,yihu
皮,dhe
玩,mgmmu
策,hdb
維,vfog
麗,mmbbp
鹿,ixp
旅,ysohv
傷,ooah
吸,rnhe
禮,iftwt
印,hpsl
超,goshr
被,ldhe
試,yripm
談,yrff
背,lpb
支,je
甚,tmmv
甘,tm
銷,cfb
館,oijrr
息,hup
千,hj
財,bcdh
雙,oge
靜,qbbsd
曾,cwa
漸,ejjl
買,wlbuc
否,mfr
送,ytk
升,ht
站,ytyr
係,ohvf
微,hounk
修,olhh
巴,au
寶,jmuc
致,mgok
汽,eomn
急,nmp
素,qmvif
驚,tksqf
野,wgnin
供,otc
良,iav
艮,av
適,yycb
招,qshr
阿,nlmnr
懷,pywv
洋,etq
課,yrwd
答,homr
獎,viik
屋,smig
唱,raa
模,dtak
羅,wlvfg
网,bkk
藥,tvid
跑,rmpru
綠,vfvne
盡,lmfbt
皿,bt
怕,pha
待,hogdi
夠,nnpr
突,jcik
初,lsh
康,ile
差,tqm
減,eihr
燈,fnot
票,mwmmf
復,hooae
臉,bomo
施,ysopd
較,jjyck
益,tcbt
獲,khtoe
講,yrttb
讓,yryrv
冷,imoii
負,nbuc
善,tgtr
簡,hana
害,jqjr
構,dttb
錯,cta
酒,emcw
另,rks
慢,pawe
輪,jjomb
拿,orq
操,qrrd
岸,ummj
稱,hdbgb
層,scwa
靈,mbrro
隊,nltpo
雲,mbmmi
富,jmrw
據,qypo
倒,omgn
智,ora
飯,oihe
樓,dllv
竟,ytahu
依,oyhv
雜,ydog
仍,onhs
委,hdv
散,tbok
紙,vfhvp
庭,inkg
坡,gdhe
毒,qmwyi
顧,hgmbc
停,oyrn
評,yrmfj
聞,ansj
賣,gwlc
檢,domo
毛,hqu
款,gfno
責,qmbuc
店,iyr
擔,qncr
幫,gihab
船,hycr
歐,srno
牙,mvdh
限,nlav
臨,slorr
臣,slsl
婦,vsmb
擎,tkq
迷,yfd
板,dhe
換,qnbk
沙,efh
歲,ymihh
典,tbc
群,srtq
午,oj
彩,bdhhh
採,qbd
段,hjhne
殳,hne
免,nahu
競,yuytu
吧,rau
六,yc
錄,cvne
察,jbof
衛,hodqn
永,ine
周,bgr
隻,oge
舊,togx
句,pr
乾,jjon
追,yhrr
夏,muhe
執,gjkni
波,edhe
穿,jcmvh
堂,fbrg
礙,mrpko
忙,pyv
幼,viks
織,vfyia
威,ihmv
缺,oudk
缶,oju
革,tlj
恐,mnp
盤,hebt
卡,ymy
卜,y
沉,ebhn
忽,php
妹,vjd
劃,lmln
討,yrdi
繼,vfvvi
休,od
染,end
逐,ymso
鐵,cjig
怪,peg
貨,opbuc
悲,lyp
牠,hqpd
婚,vhpa
寒,jtcy
志,gp
江,em
激,ehsk
擊,jeq
勞,ffbks
遺,ylmc
夢,twln
圍,wdmq
窗,jchwe
降,nlheq
街,hoggn
幕,takb
呼,rhfd
熟,yif
鏡,cytu
睡,buhjm
忘,yvp
村,ddi
九,kn
派,ehhv
殺,kchne
尋,smmri
菜,tbd
拍,qha
附,nlodi
鳥,hayf
稅,hdcru
置,wljbm
島,hayu
烈,mnf
退,yav
移,hdnin
療,kkcf
徵,hougk
跳,rmlmo
宋,jd
勝,bfqs
曲,tw
探,qbcd
訪,yryhs
植,djbm
伯,oha
朝,jjb
協,jkss
訊,yrnj
畢,wtj
浪,eiav
普,tca
餐,yeoiv
剛,buln
洗,ehgu
短,okmrt
補,lijb
啊,rnlr
控,qjcm
迎,yhvl
左,km
牌,llhwj
警,tkymr
尼,sp
略,wher
塊,ghui
掉,qyaj
圓,wrbc
材,ddh
掌,fbrq
右,kr
帝,yblb
搖,qbou
京,yrf
陳,nldw
測,ebcn
售,ogr
雪,mbsm
秋,hdf
救,ieok
賞,fbrbc
亂,bbu
潮,ejjb
皇,hamg
湖,ejrb
守,jdi
射,hhdi
雞,bkog
貴,lmbuc
煙,fmwg
露,mbrmr
避,ysrj
藏,tims
宜,jbm
額,jrmbc
七,ju
抗,qyhn
享,yrnd
鼓,gtje
屬,sewi
購,bcttb
頂,mnmbc
疑,pknio
疋,nyo
宮,jrhr
睛,buqmb
冰,ime
透,yhds
障,nlytj
困,wd
慶,ixe
宣,jmam
旁,ybyhs
洞,ebmr
巨,ss
趕,goamj
姐,vbm
若,tkr
律,holq
症,kmym
陰,nloii
順,lllc
階,nlppa
擇,qwlj
承,nnqo
幸,gtj
歸,hmsmb
豐,ujmrt
豆,mrt
鐘,cytg
遇,ywlb
端,ytumb
擁,qyvg
默,wfik
橋,dhkb
盛,isbt
編,vfhsb
廳,isgp
託,yrhp
州,ilil
訓,yrlll
敗,bcok
翻,hwsmm
危,nmsu
婆,eev
抱,qpru
僅,otlm
範,hjju
壞,gywv
茶,tod
紛,vfcsh
棒,dqkq
奶,vnhs
誰,yrog
私,hdi
鬆,shdci
髟,sihhh
娘,viav
堅,seg
博,jibi
淡,eff
嘴,rypb
季,hdnd
納,vfob
尤,iku
肯,ymb
隆,nlhem
介,oll
倫,oomb
惡,mmp
游,eysd
彈,nrrj
練,vfdwf
蟲,lilii
虫,lmi
陣,nljwj
揮,qbjj
絲,vfvif
兵,omc
患,llp
餘,oiomd
飲,oino
央,lbk
閒,anb
暗,ayta
鮮,nftq
冬,hey
績,vfqmc
武,mpylm
觸,nbwli
章,ytaj
頓,pumbc
榮,ffbd
緣,vfvno
髮,shike
融,mblmi
鎮,cjbc
努,veks
奧,hbk
播,qhdw
途,yomd
哈,romr
佳,ogg
築,hmnd
醒,mwahm
桃,dlmo
床,id
巧,mmvs
珠,mghjd
淚,ehsk
煩,fmbc
牆,vmgow
爿,vlm
索,jbvif
遍,yhsb
亡,yv
脫,bcru
述,yid
殘,mnii
付,odi
聖,srhg
妻,jlv
隱,nlbmp
喝,rapv
漢,etlo
釋,hdwlj
釆,hfd
秀,hdnhs
俗,ocor
哪,rsql
敢,mjok
距,rmss
瓜,hvio
淨,ebsd
縮,vfjoa
禁,ddmmf
固,wjr
抽,qlw
揚,qamh
概,daiu
燒,fggu
尊,twdi
憶,pytp
忍,sip
孔,ndu
哭,rrik
呀,rmvh
尾,shqu
佛,olln
暴,atce
珍,mgohh
幣,fklb
括,qhjr
航,hyyhn
域,girm
跡,rmylc
攝,qsjj
互,mvnm
培,gytr
楚,ddnyo
擴,qitc
祖,ifbm
啟,hrok
漫,eawe
衝,hohgn
尺,so
掛,qggy
訂,yrmn
針,cj
握,qsmg
詞,yrsmr
藍,tsit
架,krd
爺,cksjl
桌,yad
壁,sjg
謂,yrwb
幅,lbmrw
箱,hdbu
伸,olwl
延,nkhym
妙,vfh
挑,qlmo
泥,esp
炎,ff
拜,hqmqj
胞,bpru
隔,nlmrb
唯,rog
封,ggdi
胡,jrb
慮,ypwp
份,ocsh
仔,ond
敬,trok
懂,pthg
核,dyvo
偏,ohsb
媒,vtmd
滋,etvi
刊,mjln
版,llhe
冠,bmui
疾,kok
偶,owlb
刺,dbln
乘,hdlp
授,qbbe
峰,uhej
慧,qjsmp
蓮,tyjj
鬧,lnylb
鬥,ln
束,dl
副,mwln
荷,tomr
宗,jmmf
脈,bhhv
慣,pwjc
璃,mgyub
奮,kogw
閃,ano
齊,yx
震,mbmmv
蘇,tnfd
丹,by
塞,jtcg
誌,yrgp
摩,icq
寬,jtbi
厚,mand
劉,hcln
含,oinr
尚,fbr
靠,hgrly
析,dhml
狗,khpr
偷,oomn
祕,ifph
駕,krsqf
液,eyok
審,jhdw
項,mmbc
穩,hdbmp
伴,ofq
壯,vmg
惜,pta
爬,hoau
替,qoa
雅,mhog
駛,sflk
伊,osk
均,gpim
映,albk
棄,yitd
蓋,tgit
誠,yrihs
誤,yrrmk
楊,damh
溪,ebvk
申,lwl
晨,ammv
蛋,nolmi
折,qhml
純,vfpu
鬼,hui
宇,jmd
森,ddd
憂,mbphe
套,ksmi
灰,kf
輸,jjomn
欣,hlno
軟,jjno
塑,tbg
顏,yhmbc
判,fqln
袋,opyhv
幹,jjomj
塔,gtor
勇,nbks
柔,nhd
週,ybgr
載,jijwj
雷,mbw
吉,gr
批,qpp
玻,mgdhe
貿,hhbuc
旦,am
硬,mrmlk
席,itlb
祥,iftq
茂,tih
寧,jpbn
叔,yfe
複,loae
誕,yrnkm
乏,hino
愈,ombp
犯,khsu
孫,ndhvf
橫,dtmc
舒,ornin
舌,hjr
凡,hni
飾,oiolb
繁,okvif
朗,iib
暑,ajka
潔,eqhf
仙,ou
肥,bau
貼,bcyr
溝,ettb
鼻,huwml
孤,ndhvo
宙,jlw
輔,jjijb
鞋,tjgg
鋼,cbtu
廢,inoe
沿,ecr
糖,fdilr
逃,ylmo
輝,fubjj
勵,mbks
估,ojr
儘,olmt
您,ofp
涼,eyrf
虛,yptm
丈,jk
怨,nup
網,vfbtv
昏,hpa
松,dci
泰,qke
莫,tak
聚,sehho
擺,qwlp
零,mboii
弱,nmnim
覆,mwhoe
獻,ybik
遭,ytwa
諾,yrtkr
仰,ohvl
姑,vjr
昨,aos
晶,aaa
啦,rqyt
魯,nwfa
汙,emd
扭,qng
促,oryo
偉,odmq
陶,nlpou
惱,pvvw
椅,dkmr
監,sibt
狂,khmg
滑,ebbb
既,aimvu
堆,gog
滅,eihf
尖,fk
裂,mnyhv
摸,qtak
旗,ysotc
烏,hryf
損,qrbc
緩,vfbme
彼,hodhe
泉,hae
浮,ebnd
瓶,ttmvn
瓦,mvni
閉,andh
塵,ipg
貌,bhhau
豸,bshh
繪,vfoma
末,dj
喊,rihr
迴,ywr
紹,vfshr
慈,tvip
洛,eher
粉,fdcsh
傾,opmc
貓,bhtw
齡,yuoii
齒,ymuoo
殊,mnhjd
揭,qapv
罪,wllmy
鄭,tknl
兄,rhu
弄,mgt
廾,jj
診,yrohh
肌,bhn
谷,cor
圈,wfqu
莊,tvmg
貪,oinc
滾,eycv
膚,ypwb
衡,honkn
阻,nlbm
暖,abme
幻,vis
吹,rno
恩,wkp
乳,bdu
拔,qike
爆,fate
豪,yrbo
賴,dlnbc
虎,yphn
署,wljka
亦,ylnc
胸,bpuk
裁,jiyhv
搭,qtor
瑞,mgumb
儀,otgi
奔,kjt
琴,mgoin
仁,omm
彎,vfn
枝,dje
符,hodi
聰,sjhwp
奏,qkhk
窮,jchhn
哀,yrhv
漂,emwf
撞,qytg
鄰,fqnl
迫,yha
徑,homvm
潛,emua
臟,btis
汗,emj
毫,yrbu
凱,uthn
几,hn
酸,mwice
托,qhp
攻,mok
冒,abu
懸,bfp
耐,mbdi
賓,jmhc
吳,rvnk
荒,tyvu
匯,seog
匚,mv
戀,vfp
梅,dowy
壽,gnmi
豬,mojka
腐,ioib
澳,ehbk
占,yr
蒙,tbmo
濃,etwv
混,eapp
搶,qoir
縱,vfhoo
惠,jip
肝,bmj
郵,hmnl
抓,qhlo
岩,umr
忠,lp
返,yhe
敵,ybok
緒,vfjka
噴,rjtc
描,qtw
番,hdw
潤,eang
繞,vfggu
按,qjv
苗,tw
寂,jyfe
踏,rmea
插,qhjx
稚,hdog
滴,eycb
稿,hdyrb
敏,oyok
振,qmmv
篇,hhsb
薄,teii
丁,mn
抵,qhpm
祝,ifrhu
董,thjg
遲,yseq
檔,dfbw
彷,hoyhs
渡,eite
轎,jjhkb
麥,johe
池,epd
郎,iinl
嘆,rtlo
驅,sfsrr
坦,gam
泡,epru
哲,qlr
眠,burvp
寄,jkmr
粗,fdbm
陷,nlnhx
甲,wl
輯,jjrsj
籍,hqda
朵,hnd
貧,cshc
糊,fdjrb
闆,anrrr
杜,dg
津,elq
旋,ysono
漲,ensv
曉,aggu
飄,mfhni
彿,holln
吐,rg
圾,gnhe
垃,gyt
徐,hoomd
悅,pcru
膽,bncr
某,tmd
庫,ijwj
梁,ecd
閱,ancru
墨,wgfg
魔,ichui
呈,rhg
峽,ukoo
巡,yvvv
覽,swbuu
悄,pfb
牽,yvbq
焦,ogf
戴,jiwtc
奪,kogi
耶,sjnl
胎,bir
徒,hogyo
悟,pmmr
悠,okp
斜,odyj
傑,onqd
搬,qhye
蒼,toir
豔,utgit
幽,uvii
喪,grrv
擠,qyx
辭,bbytj
刷,sbln
剪,tbnh
稀,hdkkb
萊,tdoo
債,oqmc
腿,byav
磨,icmr
怒,vep
捉,qryo
嬰,bcv
娃,vgg
棋,dtmc
蝶,liptd
爐,fypt
君,skr
聊,sjhhl
魂,mihui
讚,yrhuc
予,ninn
赤,glnc
唐,ilr
暫,jla
屏,stt
恨,pav
曼,awle
啡,rlmy
諸,yrjka
韓,jjdmq
韋,dmrq
擾,qmbe
躍,rmsmg
拒,qss
垂,hjtm
姿,iov
貞,ybuc
宿,joma
祭,bommf
咖,rksr
借,ota
勒,tjks
殖,mnjbm
碗,mrjnu
遷,ymwu
礎,mrddo
掃,qsmb
雕,brog
麵,jemwl
肩,hsb
埃,giok
痕,kav
碼,mrsqf
鎖,cfbc
尿,se
肚,bg
勁,mmks
勤,tmks
井,tt
措,qta
姓,vhqm
抬,qir
梯,dcnh
湯,eamh
紫,ypvif
醉,mwyoj
眉,ahbu
欲,crno
匆,pkk
側,obcn
淺,eii
貸,opbuc
鼠,hxvyv
擦,qjbf
霧,mbnhs
召,shr
杯,dmf
胖,bfq
俱,obmc
甜,hrtm
猶,khtcw
膠,bsmh
闊,anehr
姨,vkn
衰,ywmv
腔,bjcm
壇,gywm
藉,tqda
騎,sfkmr
盒,orbt
戒,it
券,fqsh
采,bd
紐,vfng
殿,schne
遙,ybou
攀,ddkq
川,lll
奉,qkq
姊,vlxh
捐,qrb
耀,fusmg
捕,qijb
循,hohju
菌,twhd
碰,mrttc
輩,lyjwj
昌,aa
宴,jav
捷,qjlo
跨,rmkms
槍,doir
贈,bccwa
譯,yrwlj
串,ll
拖,qopd
俄,ohqi
桂,dgg
帳,lbsmv
碎,mryoj
詳,yrtq
瘦,khxe
澤,ewlj
泳,eine
租,hdbm
輛,jjmlb
獵,khvvv
籠,hybp
屈,suu
恢,pkf
飽,oipru
褲,lijj
叢,tcte
騰,bfqf
爛,fanw
囊,jbrrv
吾,mmr
躲,hhhnd
嘉,grtr
徹,hoybk
挖,qjcn
鍵,cnkq
銅,cbmr
棉,dhab
溼,emvg
暢,llamh
嚇,rgcc
鴻,emhf
伏,oik
呆,rd
宏,jki
堡,odg
腰,bmwv
腸,bamh
稻,hdbhx
丟,mgi
奈,kmmf
舍,omjr
柯,dmnr
癌,krru
籌,hgni
妞,vng
秦,qkhd
悉,hdp
愁,hfp
黎,hhoe
黍,hdoe
邀,yhsk
扮,qcsh
拾,qomr
割,jrln
后,hmr
廚,igti
薪,tydl
蹤,rmhoo
獸,rrik
疼,khey
廂,idbu
援,qbme
脹,bsmv
氧,ontq
捨,qomr
腹,boae
碧,mamr
鳳,hnmaf
罷,wlibp
蟻,litgi
猛,khndt
帽,lbabu
嘗,fbrpa
夾,koo
迅,ynj
侵,osme
迪,ylw
葡,tpib
厲,mtwb
災,vvf
軌,jjkn
埋,gwg
雀,fog
鋪,cijb
燃,fbkf
兼,txc
猜,khqmb
貫,wjbuc
督,yebu
裕,lcor
撒,qtbk
燕,tlpf
頸,mmmbc
瞭,bukcf
虧,ygmms
蹈,rmbhx
薩,tnlm
疊,wwwm
柏,dha
賀,krbuc
碑,mrhwj
敲,ybye
韻,yarbc
墓,takg
謀,yrtmd
賺,bctxc
臘,bvvv
籃,hsit
柱,dyg
疏,nmyiu
剩,hpln
筋,hbks
縫,vfyhj
吵,rfh
耕,qdtt
耒,qd
盟,abbt
廟,ijjb
擬,qpko
懼,pbug
秘,hdph
漁,enwf
賢,sebuc
撿,qomo
氛,oncsh
勃,jdks
炸,fos
涯,emgg
棵,dwd
塗,edg
膀,bybs
慰,sip
簽,homo
宅,jhp
牧,hqok
添,ehkp
稍,hdfb
廉,itxc
獅,khhrb
漠,etak
併,ott
萄,tpou
罵,wlsqf
朱,hjd
掘,qsuu
盜,eobt
催,ouog
乃,nhs
扣,qr
劫,giks
址,gylm
肅,lx
聿,lq
禍,ifbbr
翠,smyoj
錦,chab
趨,gopuu
贊,hubuc
礦,mritc
灑,emmp
艾,tk
扶,qqo
沖,el
昂,ahvl
粒,fdyt
琳,mgdd
詢,yrpa
厭,mabk
夥,wdnin
罰,wlyrn
佈,oklb
陪,nlytr
廊,iiil
蛙,ligg
邁,ytwb
契,qhk
疫,khne
盆,csht
崇,ujmf
惑,imp
溜,ehhw
臂,sjb
孟,ndbt
愉,pomn
違,ydmq
凝,impko
盈,nsbt
胃,wb
趙,gofb
閣,anher
鴨,wlhaf
枯,djr
炮,fpru
陌,nlma
疲,kdhe
慘,piih
孝,jknd
紋,vfyk
耗,qdhqu
跌,rmhqo
傲,ogsk
鈴,coii
鳴,rhaf
憐,pfdq
憲,jqmp
刑,mtln
卷,fqsu
凍,imdw
淋,edd
販,bche
膜,btak
憑,ifp
櫻,dbcv
脂,bpa
慎,pjbc
榜,dybs
赫,gcglc
辯,yjyrj
襲,ypyhv
炒,ffh
桿,damj
截,jiog
綿,vfhab
寵,jybp
鑽,chuc
廷,nkhg
寓,jwlb
湧,enbs
逼,ymrw
慕,takp
劑,yxln
嶺,uoic
顆,wdmbc
冊,bt
汁,ej
寺,gdi
吟,roin
晒,amcw
涉,eylh
袖,llw
絡,vfher
頒,chmbc
蜜,jphi
貢,mbuc
釘,cmn
逢,yhej
馳,sfpd
寞,jtak
膨,bgth
悶,anp
憤,pjtc
撲,qtco
艱,toav
殼,gnhne
毀,hghne
綜,vfjmf
余,omd
茫,teyv
煞,nkf
瘋,khni
繩,vfrxu
抑,qhvl
邦,qjnl
莖,tmvm
猴,khonk
勉,nuks
姻,vwk
皆,ppha
挺,qnkg
渴,eapv
獄,khyrk
蟹,nqlmi
鑑,csit
吞,mkr
牢,jhq
拼,qtt
翁,cism
艇,hynkg
撐,qfbh
佩,ohnb
斑,mgykg
漏,esmb
遞,yhyn
鄧,ntnl
鍋,cbbr
馨,gehda
巷,tcru
淑,eyfe
袍,lpru
餅,oitt
鋒,chej
樸,dtco
蹟,rmqmc
攤,qtog
鷹,iogf
拓,qmr
慌,ptyu
儲,oyra
盪,ehbt
孕,nsnd
郊,yknl
浴,ecor
喻,romn
搜,qhxe
矮,okhdv
漆,edoe
蓄,tyvw
誘,yrhds
撫,qotf
躺,hhfbr
曆,mhda
錶,cqmv
纏,vfiwg
玫,mgok
肢,bje
芽,tmvh
蒂,tybb
餓,oihqi
芳,tyhs
柳,dhhl
倍,oytr
逝,yqhl
蜂,lihej
箭,htbn
緻,vfmgk
噪,rrrd
黏,heyr
灌,etrg
坑,gyhn
翅,jesmm
豈,umrt
堪,gtmv
敦,ydok
渾,ebjj
筒,hbmr
罩,wlyaj
蒸,tnef
頗,dembc
潑,enoe
駐,sfyg
辨,yjilj
妨,vyhs
霍,mbog
勸,tgks
贏,ynbuc
霸,mbtjb
汪,emg
妮,vsp
恆,pmbm
准,imog
敘,odok
釣,cpi
鵝,hihaf
洪,etc
俯,oioi
掩,qklu
菸,tysy
菲,tlmy
菊,tpfd
窩,jcbbr
穀,gdhne
卑,hwhj
肺,bjb
糕,fdtgf
侍,ogdi
旺,amg
臥,slo
柴,ypd
陵,nlgce
慾,cop
毅,yohne
蝴,lijrb
磚,mrjii
罕,bcmj
兔,nahi
姆,vwyi
傘,oooj
晴,aqmb
酬,mwill
摘,qycb
譽,hcymr
扎,qu
叮,rmn
吊,rlb
卵,hhsli
泛,ehio
芭,tau
缸,oum
淘,epou
喚,rnbk
葛,tapv
灘,etog
亭,yrbn
瑟,mgph
瑰,mghui
丘,om
械,dit
涵,eune
傻,ohce
瑪,mgsqf
劍,ooln
謠,yrbou
穫,hdtoe
伙,of
匠,shml
咬,ryck
挫,qoog
牲,hqhqm
浩,ehgr
蚊,liyk
掙,qbsd
脣,mvb
羨,tgeno
腫,bhjg
誇,yrkms
碟,mrptd
箏,hbsd
繡,vflx
攜,quob
蠶,muali
恰,pomr
脅,ksksb
熊,ipf
遜,yndf
蔣,tvmi
霞,mbrse
繫,jevif
纖,vfoim
糾,vfvl
紗,vffh
逆,ytu
葬,tmpt
嘛,ridd
甄,mgmvn
碳,mrukf
扇,hssmm
頃,pmbc
渦,ebbr
餵,oiwmv
鬱,ddbuh
鬯,uip
拆,qhmy
昆,app
屍,smnp
脆,bnmu
蛇,lijp
痴,kokr
銳,ccru
抖,qyj
虹,lim
恭,tcp
晃,afmu
桑,eeed
窄,jcos
慨,paiu
嬌,vhkb
潰,elmc
狹,khkoo
匙,aop
歇,avno
奴,ve
佔,oyr
倦,ofqu
紡,vfyhs
郭,ydnl
嫁,vjmo
銘,cnir
誼,yrjbm
欄,danw
罐,outrg
仿,oyhs
伍,omdm
昇,aht
芬,tcsh
珊,mgbbm
悔,powy
敞,fbok
軸,jjlw
撥,qnoe
翼,smwtc
薯,twla
譬,sjymr
驕,sfhkb
征,homym
嫌,vtxc
弊,fkt
磁,mrtvi
蕩,teah
污,emms
腺,bhae
餃,oiyck
魅,hijd
鴉,mhhaf
燭,fwli
鍊,cdwf
芙,tqo
凌,imgce
烤,fjks
羞,tqng
墊,gig
誦,yrnib
鞭,tjomk
蘆,typt
鶴,jghaf
斥,hmy
妓,vje
抹,qdj
倉,oiar
拳,fqq
脊,fcb
睜,bubsd
碌,mrnme
蔬,tnmu
擋,qfbw
嶼,uhxc
糧,fdamg
鯨,nfyrf
弦,nyvi
盾,hjbu
盼,bucsh
毯,huff
楞,dwls
彰,yjhhh
糞,fdwtc
蕾,tmbw
懶,pdlc
蘿,twlg
怖,pklb
扁,hsbt
捏,qag
填,gjbc
澎,egth
償,ofbc
巢,vvwd
喘,rumb
喉,ronk
舅,hxwks
櫃,dslc
犧,hqtgs
匹,sc
昔,ta
娛,vrvk
臭,huik
惟,pog
煮,jaf
嫩,vdlk
碩,mrmbc
暮,taka
憾,pirp
瞬,bubbq
禪,ifrrj
瀑,eate
闢,ansrj
呵,rmnr
捧,qqkq
紮,duvif
廈,imue
歉,tcno
蔔,tpmw
螺,liwvf
謙,yrtxc
癮,knlp
妝,vmv
卓,yaj
株,dhjd
崖,umgg
庸,ilb
捲,qfqu
桶,dnib
焚,ddf
翔,tqsmm
貶,bchio
蝦,lirse
賦,bcmpm
醜,mwhui
譜,yrtca
騙,sfhsb
矛,ninh
汝,ev
牡,hqg
芒,tyv
泊,eha
玲,mgoii
脖,bjbd
蓬,tyhj
踐,rmii
駝,sfjp
蕭,tlx
抄,qfh
扯,qylm
乖,hjlp
屆,sug
瓷,iomvn
踩,rmbd
遮,yitf
彌,nmfb
疆,ngmwm
繳,vfhsk
顛,jcmbc
鹽,swbt
鹵,ywii
夷,kn
呂,rhr
帕,lbha
拋,qkus
俠,okoo
喇,rdln
廁,ibcn
脾,bhwj
萎,thdv
愚,wbp
酷,mwhgr
賭,bcjka
燥,frrd
鑼,cwlg
盲,yvbu
爽,kkkk
喬,hkrbr
欽,cno
猩,khahm
僑,ohkb
踢,rmaph
襯,lydu
挨,qiok
啞,rmlm
梨,hnd
暈,abjj
溶,ejcr
蕙,tjip
濫,esit
瞧,buogf
鵑,rbhaf
轟,jjjjj
忌,sup
赴,goy
倡,oaa
訝,yrmvh
愧,phui
跪,rmnmu
遣,ylmr
蔡,tbof
橘,dnhb
澡,errd
諧,yrppa
濤,egni
霜,mbdbu
雛,puog
藩,tehw
伐,oi
枚,dok
倘,ofbr
唸,roip
註,yryg
裙,lskr
蝕,oilmi
裸,lwd
蹲,rmtwi
吱,rje
妥,bv
肪,byhs
咱,rhbu
晉,miia
掀,qhlo
逗,ymrt
趁,goohh
頑,mumbc
魄,hahui
枕,dlbu
芝,tino
喃,rjbj
壺,gblm
棚,dbb
辜,jrytj
賊,bcij
飼,oismr
瘧,kypm
綱,vfbtu
螢,ffbli
篷,hyhj
糟,fdtwa
軀,hhsrr
髒,bbtmt
弗,lln
剎,kcln
恍,pfmu
倚,okmr
崩,ubb
堤,gamo
瑜,mgomn
鉛,ccr
誓,qlymr
皺,pudhe
謎,yryfd
謹,yrtlm
鬍,shjrb
騷,sfeii
髓,bbykb
仲,ol
吻,rphh
俊,oice
咪,rfd
洩,elwp
衫,lhhh
戚,ihymf
莉,thdn
欺,tcno
惹,tkrp
燦,fyed
顫,ymmbc
允,ihu
勾,pi
匪,slmy
墜,nog
壘,wwwg
薦,tixf
驟,sfseo
仕,og
兆,lmuo
屁,spp
侯,onmk
狠,khav
哩,rwg
挽,qnau
爹,cknin
劣,fhks
倆,omlb
茲,tvii
辱,mvdi
棲,djlv
僧,ocwa
撰,qruc
澄,enot
膝,bdoe
駱,sfher
瞪,bunot
矚,busei
沾,eyr
畏,wmv
范,tesu
宵,jfb
恥,sjp
淒,ejlv
淪,eomb
塢,ghrf
漿,vie
蔭,tnli
凸,bss
矣,iok
沸,elln
娜,vsql
偽,oikf
腎,seb
鼎,buvml
辣,yjdl
潭,emwj
賠,bcytr
燙,ehf
濱,ejmc
檳,djmc
闖,ansqf
蘋,tyhc
叉,ei
仇,okn
歧,ymje
咳,ryvo
唉,riok
哦,rhqi
殷,hshne
疹,kohh
梭,dice
莎,tefh
喧,rjmm
甦,mkhqm
煌,fhag
聘,sjlws
嘻,rgrr
篩,hhrb
聳,hosj
藤,tbfe
虐,ypsm
栗,mwd
狼,khiav
笨,hdm
豚,bmso
煤,ftmd
雌,ympog
噹,rfbw
諷,yrhni
龜,hxu
仗,ojk
披,qdhe
拚,qit
衍,hoemn
宰,jytj
莓,towy
湊,eqkk
犀,sehq
絨,vfij
菩,tytr
溢,etct
颱,hnir
儒,ombb
鍾,chjg
隸,dfle
鬚,shhhc
狐,khhvo
昭,ashr
訣,yrdk
逛,ykhg
墾,bvg
窺,jcqou
懲,hkp
饋,oilmc
坊,gyhs
役,hohne
妳,vnf
岳,omu
削,fbln
拱,qtc
搏,qibi
睹,bujka
僵,omwm
嘩,rtmj
蟬,lirrj
蠟,livvv
驢,sfypt
朽,dmvs
杉,dhhh
剝,veln
陡,nlgyo
曹,twa
搞,qyrb
僚,okcf
諒,yryrf
螞,lisqf
遵,ytwi
嚮,vlhbr
醬,vimcw
嚷,ryrv
邪,mhnl
泣,eyt
侶,orhr
砂,mrfh
崗,ubtu
笛,hlw
滔,ebhx
寡,jmch
懇,bvp
濕,eavf
瓣,yjhoj
嚼,rbwi
丸,kni
叨,rsh
押,qwl
杭,dyhn
帥,hrlb
梳,dyiu
堵,gjka
傢,ojmo
惶,phag
晰,adhl
雁,moog
募,taks
楓,dhni
綁,vfqjl
蜥,lidhl
墳,gjtc
撼,qirp
頰,kombc
禱,ifgni
辮,yjvfj
釀,mwyrv
祈,ifhml
茅,tnih
斬,jjhml
焉,mylf
傍,oybs
雇,hsog
僕,otco
嘲,rjjb
豎,semrt
鋁,crhr
遼,ykcf
濛,etbo
輿,hxjc
籲,hobc
凶,uk
叭,rc
札,du
泌,eph
矽,mrni
拯,qnem
陋,nlmbv
屑,sfb
栽,jid
衷,jlhv
豹,bhpi
偵,oybc
婉,vjnu
掏,qpou
逸,ynai
裹,ywdv
蕉,togf
旱,amj
沛,ejb
禿,hdhu
哇,rgg
竿,hmj
栓,domg
矩,okss
棟,ddw
菁,tqmb
溯,etub
溺,enmm
頌,cimbc
撤,qybk
濁,ewli
膩,bipc
簷,hncr
鏽,clx
汰,eki
拘,qpr
叛,fqhe
冥,bayc
剖,yrln
秩,hdhqo
覓,bbuu
鈔,cfh
煥,fnbk
筷,hpdk
銜,hocmn
緝,vfrsj
盧,ypwbt
艙,hyoir
瀉,ejhf
瞻,buncr
櫥,digi
簾,hitc
蠅,lirxu
旨,pa
旬,pa
函,une
坪,gmfj
拭,qipm
歪,mfmym
冤,bnai
峻,uice
挪,qsql
浸,esme
掠,qyrf
淵,elxl
揀,qdwf
盞,iibt
凳,nomrn
綢,vfbgr
締,vfybb
橡,dnao
穆,hdhah
澀,esim
簇,hysk
瀟,etlx
簿,heii
襟,lddf
襖,lhbk
灶,fg
刮,hrln
卒,yooj
卸,omsl
陀,nljp
卿,hhail
畔,wfq
飢,oihn
眷,fqbu
棕,djmf
腕,bjnu
媳,vhup
詮,yromg
賄,bckb
榴,dhhw
槽,dtwa
褐,lapv
賜,bcaph
錫,caph
黛,opwgf
邏,ywlg
鷺,rrhaf
汀,emn
帆,lbhni
狄,khf
宛,jniu
洶,epuk
桐,dbmr
躬,hhn
御,hooml
梵,ddhni
奠,twk
袱,loik
暇,arse
煎,tbnf
煉,fdwf
澈,eybk
膏,yrbb
瘤,khhw
蕃,thdw
釐,jkmwg
廬,iypt
壤,gyrv
鑲,cyrv
丫,cl
划,iln
吼,rndu
邱,omnl
畜,yviw
耘,qdmmi
彭,gthhh
渺,ebuh
筍,hpa
榔,diil
嘔,rsrr
滲,eiih
魁,hiyj
履,shoe
賤,bcii
輻,jjmrw
徽,houfk
兇,ukhu
杖,djk
沫,edj
芹,thml
茄,tksr
框,dsmg
冕,anau
眺,bulmo
椰,dsjl
鉅,css
摔,qyij
竭,ytapv
億,oytp
窯,jctgf
醇,mwyrd
豫,nnnao
擱,qanr
薛,thrj
乍,os
凹,ssu
洽,eomr
哼,ryrn
峭,ufb
晝,lgam
淇,etmc
逍,yfb
嗯,rwkp
榕,djcr
蒜,tmff
隙,nlfaf
緞,vfhje
禦,hlmmf
瓊,mgnbe
竊,jchdb
鑿,tec
扔,qnhs
妃,vsu
杞,dsu
甸,pw
肖,fb
迦,yksr
埔,gijb
琉,mgyiu
鈕,cng
詹,ncymr
澆,eggu
瘡,koir
篤,hsqf
磯,mrvii
濾,eypp
魏,hvhui
鯉,nfwg
攏,qybp
攔,qanw
繽,vfjmc
躁,rmrrd
乞,on
匈,puk
圳,glll
坤,glwl
祇,ifhvp
涕,ecnh
浦,eijb
烘,ftc
梢,dfb
棧,dii
儉,oomo
歎,tono
熬,gkf
瞇,buyfd
穎,pdmbc
罹,wlpog
翰,jjosm
竄,jchxv
謬,yrsmh
蠢,qalii
黯,wfyta
攪,qhbu
鑰,comb
鸚,bvhaf
勿,phh
伺,osmr
匣,swl
抉,qdk
怯,pgi
哮,rjkd
秧,hdlbk
淹,eklu
淫,ebhg
啼,rybb
窘,jcskr
瑚,mgjrb
雍,yvhg
嶄,ujjl
熙,suf
蓉,tjcr
蒐,thui
樁,dqkx
瞎,bujqr
璧,sjmgi
翹,gusmm
龐,iybp
攬,qswu
厄,msu
囚,wo
曳,lwp
坎,gno
咕,rjr
拌,qfq
悍,pamj
娶,sev
梧,dmmr
琦,mgkmr
詭,yrnmu
隕,nlrbc
嘖,rqmc
摟,qllv
槐,dhui
熄,fhup
稽,hdiua
蔓,tawe
趟,gofbr
螃,liybs
嚥,rtlf
峇,uomr
灼,fpi
岡,btu
肫,bpu
砍,mrno
耍,mbv
郝,gcnl
屠,sjka
棘,dbdb
搗,qhau
肆,silq
蜀,wlpli
鉤,cpr
撕,qtcl
朦,btbo
蹦,rmubb
蠻,vflmi
妄,yvv
甫,ijb
咒,rrhn
枉,dmg
沼,eshr
栩,dsmm
胰,bkn
荊,tmtn
茵,twk
啄,rmso
啤,rhwj
崙,uomb
嵌,utmo
椎,dog
溉,eaiu
傭,oilb
嗓,reed
寢,jvme
摺,qsma
滯,ekpb
瑣,mgfbc
粹,fdyoj
蔽,tfbk
蝸,libbr
諮,yrior
餡,oinhx
嚀,rjpn
薑,tmwm
瀕,eyhc
癢,ktov
于,md
云,mmi
刪,btln
皂,hap
迄,yon
咐,rodi
拙,quu
咯,rher
徊,howr
秒,hdfh
剔,ahln
崎,ukmr
喳,rdam
喲,rvfi
媚,vahu
嗜,rjpa
塌,gasm
嫂,vhxe
賈,mwbuc
嘯,rlx
蔥,thwp
禧,ifgrr
謊,yrtyu
鵡,mmhaf
丑,ng
吏,jlk
汲,enhe
拂,qlln
杰,df
炙,bf
柵,dbt
倩,oqmb
奢,kjka
徘,holmy
棍,dapp
絮,vrvif
韌,dqshi
禽,oyub
稜,hdgce
葵,tnok
蛻,licru
寥,jsmh
屢,sllv
廖,ismh
漩,eyso
駁,sfkk
幢,lbytg
頹,humbc
齋,yxf
嚨,rybp
瀾,eanw
鹹,ywihr
囑,rsei
纜,vfswu
沮,ebm
姜,tgv
昧,ajd
枸,dpr
炭,ukf
砌,mrpsh
苛,tmnr
倖,ogtj
哨,rfb
哺,rijb
眨,buhio
虔,ypyk
凰,hnhag
紳,vflwl
蛛,lihjd
滄,eoir
廓,iydl
瘍,kamh
綴,vfeee
蜿,lijnu
嘮,rffs
嘿,rwgf
墮,nbg
撈,qffs
敷,isok
螂,liiil
糙,fdyhr
蟑,liytj
檯,dgrg
瀆,egwc
癒,komp
竅,jchsk
艦,hysit
巍,uhvi
聾,ypsj
籤,hoim
侃,orhu
侏,ohjd
怡,pir
祀,ifru
秉,hdl
哎,rtk
袁,grhv
梗,dmlk
蛀,liyg
傅,oibi
嗽,rdlo
孵,hhsld
蜘,liokr
蹄,rmybb
矯,okhkb
繃,vfubb
鴿,orhaf
朧,bybp
饒,oiggu
襪,ltwi
纍,wwwf
飆,ikhni
汐,eni
巫,moo
杆,dmj
咀,rbm
姍,vbt
耽,sjlbu
胳,bher
兜,hshu
悵,psmv
聆,sjoii
趾,rmylm
揉,qnhd
萌,tab
畸,wkmr
裔,yvbcr
摧,quog
裳,fbryv
蔚,tsfi
醋,mwta
諱,yrdmq
駭,sfyvo
鵬,bbhf
勻,pmm
軒,jjmj
惕,paph
烽,fhej
焰,fnhx
舜,bbnq
嗅,rhuk
瑕,mgrse
墅,wng
瞄,butw
嫻,vand
幟,lbyia
摹,takq
樞,dsrr
鋸,csjr
鮑,nfpru
斃,fkmnp
蟋,lihdp
鍛,chje
嬸,vjhw
曠,aitc
藻,terd
蘊,tvft
囂,rrmcr
蜒,linkm
屯,pu
屮,ul
伶,ooii
妖,vhk
沐,ed
沃,ehk
肘,bdi
哄,rtc
苔,tir
淮,eog
眶,busmg
喀,rjhr
惰,pkmb
萍,temj
詠,yrine
塘,gilr
楣,dahu
撇,qfbk
爵,bwli
豁,jrcor
輾,jjstv
騁,sflws
擲,qtkl
簧,htlc
曝,aate
鷗,srhaf
壩,gmbb
癱,ktog
佑,okr
兌,crhu
抒,qnin
呻,rlwl
斧,ckhml
俐,ohdn
炫,fyvi
迢,yshr
娥,vhqi
狸,khwg
晤,ammr
綻,vfjmo
僻,osrj
憫,pank
懊,phbk
懈,pnbq
遽,yypo
曦,atgs
儼,orrk
袓,lbm
丐,myvs
盯,bumn
柄,dmob
郁,kbnl
凋,imbgr
盎,lkbt
屜,shot
烹,yrnf
絆,vffq
婿,vnob
棗,dbdb
筐,hsmg
粥,nfdn
逮,yle
嗚,rhrf
葦,tdmq
酪,mwher
嶇,usrr
漓,eyub
褂,lggy
閩,anlmi
潘,ehdw
瑩,ffbmi
鞏,mntlj
穌,nfhd
隧,nlyto
瀰,enmb
籮,hwlg
粘,fdyr
兮,cmvs
亨,yrnn
吶,rob
庇,ipp
阱,nltt
迥,ybr
姬,vsll
峨,uhqi
挾,qkoo
砲,mrpru
氫,onmvm
琅,mgiav
莽,tikt
喂,rwmv
棺,djrr
窟,jcsuu
遂,ytpo
慚,pjjl
粽,fdjmf
銓,comg
墩,gydk
寮,jkcf
磅,mrybs
翩,hbsmm
熾,fyia
瞥,fkbu
踴,rmnbs
轍,jjybk
靡,iclmy
籬,hybg
吩,rcsh
孜,ndok
俏,ofb
哉,jir
浙,eqhl
迺,ymcw
勘,tvks
崑,uapp
彬,ddhh
敝,fbok
琪,mgtmc
睪,wlgtj
遁,yhju
靖,ytqmb
靴,tjop
慷,pile
瑤,mgbou
綽,vfyaj
嬉,vgrr
擅,qywm
褪,lyav
穗,hdjip
瓏,mgybp
礫,mrvid
藹,tyrv
籟,hdlc
靂,mbmhm
刃,shi
亢,yhn
氾,esu
甩,bqu
吒,rhp
妒,vhs
沈,elbu
泄,ept
侮,oowy
茁,tuu
畝,ywno
秤,hdmfj
荐,tkld
酌,mwpi
寇,jmue
渝,eomn
琢,mgmso
貯,bcjmn
睞,budoo
嫦,vfbb
膊,bibi
鄙,rwnl
褒,yodv
鞍,tjjv
骸,bbyvo
蟀,liyij
襄,yrrv
濺,ebci
穢,hdymh
瀚,ejjm
霹,mbsrj
鱗,nffdq
弔,nl
奸,vmj
佐,okm
卦,ggy
弧,nhvo
怔,pmym
恕,vrp
眩,buyvi
祠,ifsmr
祟,uummf
婪,ddv
悼,pyaj
窒,jcmig
椒,dyfe
斟,tvyj
暉,abjj
毽,hunkq
兢,jujru
誡,yrit
髦,shhqu
撩,qkcf
膛,bfbg
嚏,rjbo
膿,btwv
闌,andwf
鞠,tjpfd
薰,thgf
闔,angit
爍,fvid
鑄,cgni
黴,houfk
鹼,ywomo
憨,mkp
吠,rik
沁,ep
迂,ymd
阮,nlmmu
呱,rhvo
咎,hor
姚,vlmo
屎,sfd
苟,tpr
蚤,eilmi
硫,mryiu
勛,rcks
晾,ayrf
湛,etmv
琵,mgpp
跋,rmike
嗤,rumi
嫉,vkok
愴,poir
瑛,mgtlk
僱,ohsg
嘟,rjal
蒲,teib
蜻,liqmb
輒,jjsju
劈,sjsh
墟,gypc
摯,giq
撮,qase
嚐,rfba
嬤,vici
曙,awla
闐,anjbc
壟,ypg
繹,vfwlj
鵲,tahaf
鐲,cwli
巔,ujcc
麟,ipfdq
鬢,shjmc
町,wmn
菇,tvjr
牟,ihq
尬,kuoll
咚,rhey
拐,qrks
拇,qwyi
軋,jju
彥,ykmhh
疤,kau
盃,mfbt
韭,lsmm
圃,wijb
恣,iop
崛,usuu
惚,pphp
笠,hyt
愕,prrs
萃,tyoj
睫,bujlo
葫,tjrb
蜓,linkg
蛾,lihqi
寨,jtcd
憧,pytg
憬,payf
蔗,titf
鋤,cbms
澱,esce
縛,vfibi
尷,kusit
嶽,ukhk
瞰,bumjk
醞,mwwot
蟾,lincr
譏,yrvii
鏗,cseg
齦,yuav
顱,ytmbc
粑,fdau
叩,rsl
台,ir
扛,qm
沌,epu
咆,rpru
妾,ytv
帖,lbyr
咽,rwk
奕,yck
柿,dylb
趴,rmc
倪,ohxu
殉,mnpa
紊,ykvif
耿,sjf
胱,bfmu
偎,owmv
啜,reee
惘,pbtv
赦,gcok
逕,ymvm
徨,hohag
絞,vfyck
搓,qtqm
楷,dppa
遏,yapv
逾,yomn
漾,etge
熔,fjcr
樟,dytj
遨,ygsk
憩,hup
橢,dnlb
瞞,butlb
霖,mbdd
骼,bbher
薇,thok
檻,dsit
臍,byx
簸,htce
譚,yrmwj
鏈,cyjj
鶯,ffbhf
埕,grhg
蜍,liomd
夭,hk
旭,kna
佇,ojmn
扼,qmsu
阪,nlhe
芸,tmmi
邸,hinl
垢,ghmr
峙,ugdi
殃,mnlbk
苑,tniu
悚,pdl
晌,ahbr
茸,tsj
埠,ghrj
淙,ejmf
烯,fkkb
逞,yrhg
摒,qstt
渠,esd
湘,edbu
痢,khdn
粟,mwfd
鈍,cpu
彙,vmbwd
慄,pmwd
猿,khgrv
釉,bdlw
嘍,rllv
煽,fhsm
廝,itcl
澗,eana
噩,mgrr
瓢,mfhvo
艘,hyhxe
踱,rmite
斂,oook
礁,mrogf
謐,yrpht
轄,jjjqr
藺,tang
饑,oivii
籐,hbfe
饗,vloiv
矗,jmjmm
囝,wnd
弛,npd
芋,tmd
炕,fyhn
炊,fno
拷,qjks
羿,smt
胚,bmfm
娟,vrb
祐,ifkr
郡,srnl
彗,qjsm
惦,piyr
悽,pjlv
掬,qpfd
翌,smyt
唾,rhjm
腋,byok
菱,tgce
酣,mwtm
酥,mwhd
隋,nlkmb
徬,hoybs
痺,khwj
睦,bugcg
腥,bahm
馴,sflll
漬,eqmc
箋,hii
肇,hklq
凜,imywd
嘶,rtcl
輟,jjeee
銲,camj
蕪,totf
諦,yrybb
踵,rmhjg
黝,wfvis
戳,sgi
瞼,buomo
疇,wgni
饅,oiawe
癥,khok
闡,anrrj
譴,yrylr
醺,mwhgf
巒,vfu
螯,gklmi
兀,mu
丙,mob
扒,qc
岌,unhe
忱,plbu
芥,toll
邵,srnl
俑,onib
恃,pgdi
殆,mnir
厝,mta
唔,rmmr
唧,rail
晏,ajv
窈,jcvis
蚓,linl
匿,stkr
徙,hoylo
悸,phdd
晦,aowy
窕,jclmo
蚯,liom
傀,ohui
喔,rsmg
揣,qumb
硝,mrfb
軻,jjmnr
隅,nlwlb
馮,imsqf
嘎,rmui
槌,dyhr
箕,htmc
蓆,titb
撢,qmwj
緬,vfmwl
頡,grmbc
縐,vfpuu
餚,oikkb
髻,shgr
儡,owww
磷,mrfdq
縷,vfllv
臀,seb
蹣,rmtlb
羹,tgftk
麓,ddixp
懾,psjj
鐺,cfbw
驀,takf
贖,bcgwc
欖,dswu
烷,fjmu
弘,ni
冶,imir
杏,dr
疚,kno
咸,ihmr
垣,gmam
迭,yhqo
茨,timo
堊,mmg
庶,itf
惋,pjnu
畦,wgg
缽,oudm
堯,gggu
嵐,uhni
揆,qnok
馭,sfe
楔,dqhk
煦,arf
瑯,mgiil
祿,ifvne
粵,hwmvs
絹,vfrb
遐,yrse
嘈,rtwa
榻,dasm
翡,lysmm
誨,yrowy
撓,qggu
潺,esnd
瞌,bugit
踞,rmsjr
霉,mbowy
冀,lpwtc
噢,rhbk
霓,mbhxu
氈,ymhqu
簍,hllv
錘,chjm
鼾,hlmj
曜,asmg
檬,dtbo
甕,yvgn
繭,tbli
鏟,cyhm
颼,hnhxe
蠕,limbb
鐳,cmbw
驛,sfwlj
涂,eomd
滸,eyrj
冉,gb
吁,rmd
肋,bks
吭,ryhn
攸,olok
肛,bm
侈,onin
奄,klwu
岱,opu
庚,ilo
剋,juln
咫,sorc
姪,vmig
恤,phbt
茉,tdj
赳,govl
迤,yopd
娓,vshu
涓,erb
庵,iklu
悴,pyoj
捩,qhsk
淳,eyrd
痊,komg
舵,hyjp
喋,rptd
婷,vyrn
惴,pumb
氯,onnme
渣,edam
絢,vfpa
菠,tede
詐,yros
跚,rmbbm
嗆,roir
媲,vhwp
榆,domn
粱,ecfd
虞,yprmk
瘓,knbk
艋,hyndt
噓,rypm
噎,rgbt
憎,pcwa
憔,pogf
霄,mbfb
颳,hnhjr
噬,rhmo
燄,nxff
諫,yrdwf
磺,mrtlc
繆,vfsmh
鍍,cite
嚕,rnwa
檸,djpn
邃,yjco
闕,antuo
顎,rsmbc
鯊,ehnwf
矇,butbo
懿,gtiop
鑒,swc
驪,sfmmp
孢,ndpru
椏,dmlm
叱,rp
亙,mbm
亥,yvho
呎,rso
囪,hwkk
佬,ojkp
剁,hdln
姒,vvio
拎,qoii
柑,dtm
炳,fmob
炬,fss
狡,khyck
禹,hlbi
倣,oysk
捆,qwd
烙,fher
砸,mrslb
羔,tgf
偌,otkr
匾,shsb
啃,rymb
淆,ekkb
疵,kymp
絃,vfyvi
訟,yrci
釦,cr
愣,pwls
斐,lyyk
渲,ejmm
痙,kmvm
痘,kmrt
痠,kice
睏,buwd
蛤,liomr
跆,rmir
嗦,rjbf
槓,dmbc
滬,ehsu
窪,jcegg
裴,lyyhv
酵,mwjkd
嘹,rkcf
磋,mrtqm
緯,vfdmq
餒,oibv
橄,dmjk
縈,ffbvf
諺,yryhh
鴣,jrhaf
鴛,nuhaf
孺,ndmbb
懦,pmbb
檀,dywm
濘,ejpn
膺,iogb
蹋,rmasm
瀛,eynv
瀝,emhm
蠍,liavo
鏘,cvmi
鯛,nfbgr
鷓,ifhaf
囌,rtnd
羈,wltjf
猝,khyoj
舺,hywl
伉,oyhn
伽,oksr
佣,obq
吝,ykr
扳,qhe
芍,tpi
冽,immnn
拈,qyr
肴,kkb
俚,owg
咦,rkn
咻,rod
垮,gkms
奎,kgg
怠,irp
拴,qomg
柚,dlw
柢,dhpm
籽,fdnd
俺,oklu
娑,ehv
屐,shoe
悖,pjbd
涔,euon
芻,pupu
茱,thjd
蚪,liyj
娼,vaa
崔,uog
悻,pgtj
斛,nbyj
淤,eysy
笙,hhqm
寐,jvmd
揍,qqkk
揪,qhdf
犄,hqkmr
詛,yrbm
鈞,cpim
閑,and
跺,rmhnd
軾,jjipm
靶,tjau
匱,slmc
蜷,lifqu
閥,anoi
噗,rtco
璀,mguog
瘠,kfcb
稼,hdjmo
蝠,limrw
蝙,lihsb
蝌,lihdj
寰,jwlv
憊,obp
蕊,tppp
謁,yrapv
錐,cog
霎,mbytv
頤,slmbc
壑,yeg
檜,doma
璨,mgyed
駿,sfice
鮭,nfgg
贅,gkbuc
藷,tyra
攘,qyrv
竇,jcgwc
糯,fdmbb
罌,bcoju
騫,jtcf
儷,ommp
贓,bcims
攣,vfq
饜,mkoiv
紓,vfnin
胺,bjv
隼,ogj
搧,qhsm
摋,qkce
漉,eixp
糗,fdhuk
么,hi
卉,jt
汴,eyy
戕,vmi
杵,doj
泯,ervp
疝,ku
俞,ombn
侷,ossr
剃,chln
矜,nhoin
桓,dmam
桔,dgr
耆,jpa
舀,bhx
梟,hayd
淌,efbr
犁,hnhq
彪,ynhhh
喟,rwb
扉,hslmy
湍,eumb
湄,eahu
皓,hahgr
聒,sjhjr
腓,blmy
裊,hayv
賂,bcher
閘,anwl
榨,djcs
睿,ybmcu
綺,vfkmr
骯,bbyhn
戮,shi
蝨,njlii
醃,mwklu
蕨,tmto
嚅,rmbb
嬪,vjmc
擘,sjq
翳,sesmm
癖,ksrj
懵,ptwu
櫚,danr
癟,khub
藕,tqdb
隴,nlybp
囉,rwlg
攫,qbue
躡,rmsjj
鱷,nfmgr
忡,pl
哞,rihq
眈,bulbu
撣,qrrj
夸,kmms
忖,pdi
坍,gby
忿,cshp
抿,qrvp
抨,qmfj
姥,vjkp
宦,jsll
恬,phjr
枴,drsh
苓,toii
朔,tub
訕,yru
釗,cln
釜,ckmgc
陝,nlkoo
啪,rqha
啣,roml
帷,lbog
戛,mui
淅,edhl
焊,famj
皎,hayck
脯,bijb
酗,mwuk
啻,yblbr
啾,rhdf
渭,ewb
腑,bioi
腴,bhxo
貂,bhshr
鈣,cmys
陲,nlhjm
飪,oihg
嗡,rcim
楠,djbj
痲,kjcc
綑,vfwd
虜,ypwks
詫,yrjhp
賃,ogbuc
辟,srytj
鄒,punl
鉗,ctm
雋,oglms
雉,okog
僥,oggu
嫖,vmwf
漱,edlo
滌,eold
滷,eywi
閨,angg
閤,anomr
韶,yashr
餌,oisj
嘰,rvii
潦,ekcf
磊,mrmrr
諄,yryrd
噸,rpuc
曇,ambi
樺,dtmj
橙,dnot
濂,eitc
盥,hxbt
諜,yrptd
諳,yryta
錡,ckmr
錮,cwjr
鴦,lkhaf
燠,fhbk
瞳,buytg
褻,ygiv
蹊,rmbvk
璿,mgybu
躇,rmtja
孽,tjnd
躊,rmgni
狒,khlln
枷,dksr
喵,rtw
搥,qyhr
劀,nbln
潁,pembc
覷,ycbuu
鰲,gknwf
乒,omh
乓,omi
屹,uon
戍,ihi
阡,nlhj
岔,cshu
帚,smblb
氓,yvrvp
泓,eni
疙,kon
罔,btyv
剌,dlln
咧,rmnn
徉,hotq
祉,ifylm
紇,vfon
埂,gmlk
涅,eag
胭,bwk
荔,tkss
袂,ldk
迸,ytt
啕,rpou
尉,sfdi
徜,hofbr
恿,nbp
涎,enkm
眸,buihq
舶,hyha
袞,ycrhv
愜,psko
惺,pahm
棠,fbrd
湃,ehqj
焜,fapp
琶,mgau
菟,tnai
蛔,liwr
稠,hdbgr
衙,homrn
慟,phgs
摻,qiih
漣,eyjj
漪,ekhr
筵,hnkm
舔,hrhkp
銖,chjd
鉻,cher
嫵,votf
慫,hop
槳,vid
毆,srhne
瘟,kabt
緘,vfihr
緲,vfbuh
赭,gcjka
銬,cjks
擂,qmbw
燉,fydk
霏,mblmy
擰,qjpn
檐,dncr
濯,esmg
濡,embb
縹,vfmwf
褶,lsma
擷,qgrc
瀏,ehcn
蟠,lihdw
蹺,rmggu
鰍,nfhdf
囁,rsjj
鐸,cwlj
鰭,nfjpa
霾,mbbhg
巖,urrk
邐,ymmp
靨,mkmwl
鷥,vfhaf
魘,mkhui
宕,jmr
祛,ifgi
椿,dqka
緋,vflmy
踉,rmiav
潢,etlc
閹,anklu
蹌,rmoir
獼,khnmb
饌,oiruc
冗,bhn
壬,hg
廿,t
卯,hhsl
圭,gg
佃,ow
汶,eyk
戾,hsik
拄,qyg
穹,jcn
俘,obnd
弭,nsj
拮,qgr
炯,fbr
紂,vfdi
苞,tpru
叟,hxle
奚,bvik
恙,tgp
桅,dnmu
狽,khbuc
笆,hau
紜,vfmmi
蚌,liqj
偕,oppa
唬,rypn
孰,ydkni
捱,qmgg
捺,qkmf
涸,ewjr
羚,tqoii
揖,qrsj
硯,mrbuu
蛟,liyck
詔,yrshr
塭,gabt
嵩,uyrb
瑙,mgvvw
痰,kff
瘁,kyoj
葷,tbjj
萼,trrs
蜃,mvlmi
跤,rmyck
遑,yhag
隘,nltct
塾,yig
彆,fkn
禎,ifybc
蒞,teot
閡,anyvo
暱,astr
樊,ddk
瘩,ktor
皚,haumt
磐,hemr
蔑,twli
霆,mbnkg
駙,sfodi
噥,rtwv
樵,dogf
璞,mgtco
閻,annhx
擢,qsmg
曖,abbe
謗,yrybs
賸,bfqc
錨,ctw
鍥,cqhk
闈,andmq
燼,flmt
鎚,cyhr
馥,haoae
壢,gmhm
麒,iptmc
麴,jepfd
齣,yupr
斕,ykanw
鐮,citc
龔,yptc
蘸,tmgf
齲,yuhlb
哆,rnin
珥,mgsj
笈,hnhe
据,qsjr
喏,rtkr
揶,qsjl
揄,qomn
斌,ykmpm
湳,ejbj
琮,mgjmf
嗔,rjbc
皙,dlha
噁,rmmp
瘞,kkog
魨,nfpu
謔,yrypm
蹭,rmcwa
攢,qhuc
鑊,ctoe
勺,pi
丰,qj
仆,oy
吋,rdi
吆,rvi
戎,ij
吮,rihu
妍,vmt
呷,rwl
帛,halb
亟,mem
匍,pijb
咿,rosk
囿,wkb
泵,mre
唷,ryib
娩,vnau
氨,onjv
砰,mrmfj
砥,mrhpm
耙,qdau
倏,olhk
匐,pmrw
惆,pbgr
敕,dlok
梓,dytj
琊,mgmhl
硃,mrhjd
荼,tomd
厥,mtuo
掣,hnq
湮,emwg
鄂,rsnl
嗟,rtqm
嗣,rbsmr
搔,qeii
毓,oyyiu
睬,bubd
睨,buhxu
窠,jcwd
嗶,rwtj
慵,pilb
暨,auam
綸,vfomb
誣,yrmoo
璋,mgytj
蝗,lihag
閭,anrhr
膳,btgr
褥,lmvi
遴,yfdq
靦,mwbuu
餞,oiii
髭,shymp
膾,boma
谿,bkcor
黜,wfuu
獷,khitc
簪,hmua
罈,oumwj
鎔,cjcr
鞦,tjhdf
牘,llgwc
犢,hqgwc
邋,yvvv
瀲,eook
矓,buybp
蠣,limtb
驍,sfggu
鑣,cipf
韆,tjymu
鑾,vfc
吜,rng
岬,uwl
祂,ifpd
垛,ghnd
挹,qrau
茜,tmcw
掐,qnhx
琬,mgjnu
愫,pqmf
滁,enld
筳,hnkg
嶙,ufdq
擯,qjmc
擣,qgni
蟄,gilmi
闃,anbuk
鯰,nfoip
鵰,brhaf
蘄,trjl
鷲,yuhaf
匝,slb
弁,it
乩,yru
匡,smg
岑,uoin
灸,nof
甬,nibq
咄,ruu
咋,ros
帘,jclb
弩,ven
怏,plbk
拗,qvis
泅,ewo
泱,elbk
盂,mdbt
竺,hmm
羌,tghu
奐,nbk
姦,vvv
柬,dwf
盹,bupu
眇,bufh
舢,hyu
酋,tcwm
俸,oqkq
唆,rice
畚,ikw
舐,hrhvp
訐,yrmj
陞,nlhtg
扈,hsrau
捫,qan
捻,qoip
敖,gsok
痍,kkn
蚱,lios
袒,lam
釵,cei
喙,rvno
揩,qppa
琥,mgypn
琛,mgbcd
稈,hdamj
竣,ytice
軼,jjhqo
暄,ajmm
楝,ddwf
滂,eybs
猾,khbbb
睥,buhwj
稔,hdoip
誅,yrhjd
貲,ypbuc
愿,mfp
榭,dhhi
箔,heha
蜢,lindt
遢,yasm
幡,lbhdw
憚,prrj
篆,hvno
耦,qdwlb
駒,sfpr
儕,oyx
噤,rddf
嬝,vhav
擄,qyps
擒,qoyb
羲,tghds
覦,onbuu
諭,yromn
踹,rmumb
鬨,lntc
嚎,ryro
壕,gyro
螳,lifbg
蟆,litak
覬,utbuu
謄,bfqr
擻,qlvk
殯,mnjmc
瀋,ejhw
瞿,buog
譎,yrnhb
蹶,rmmto
蹴,rmyfu
鏢,cmwf
嚶,rbcv
孃,vyrv
懺,poim
攙,qnri
騾,sfwvf
韃,tjygq
鰻,nfawe
釁,hbmch
驥,sflpc
庄,ig
忮,pje
佼,oyck
冼,imhgu
沓,ea
洄,ewr
畈,whe
浣,ejmu
浞,eryo
瓞,hohqo
琇,mghds
蚴,livis
嫋,vnmm
楂,ddam
蛺,likoo
嶂,uytj
瞅,buhdf
粼,fqvv
憋,fkp
餑,oijbd
踽,rmhlb
踰,rmomn
薈,toma
轆,jjixp
儺,otog
鶲,cmhaf
灩,eutt
仄,mo
仞,oshi
妊,vhg
忪,pci
坷,gmnr
怵,pid
沽,ejr
泠,eoii
芷,tylm
垠,gav
昱,ayt
狩,khjdi
珀,mgha
紉,vfshi
哽,rmlk
娠,vmmv
朕,btk
涇,emvm
痂,kksr
胯,bkms
舫,hyyhs
茹,tvr
衽,lhg
陛,nlppg
啖,rff
掄,qomb
旌,ysohm
梔,dhmu
渚,ejka
猖,khaa
痔,kgdi
盔,kfbt
絀,vfuu
莞,tjmu
莒,trhr
荻,tkhf
孳,tvid
弼,nman
惻,pbcn
捶,qhjm
渥,esmg
痞,kmfr
窖,jchgr
絳,vfheq
菽,tyfe
訶,yrmnr
鈉,cob
飭,oioks
嗇,gowr
塚,gbmo
煬,famh
瘀,kysy
碉,mrbgr
稟,ywrd
粳,fdmlk
腱,bnkq
腮,bwp
蛹,linib
詰,yrgr
詬,yrhmr
飴,oiir
馱,sfk
嘀,rycb
嫡,vycb
幔,lbawe
氳,onwot
獐,khytj
箇,hwjr
綵,vfbd
蓓,toyr
蜴,liaph
裨,lhwj
颯,ythni
鳶,iphaf
殤,mnoah
潸,eddb
褓,lord
誹,yrlmy
賬,bcsmv
踝,rmwd
髯,shgb
魷,nfiku
噯,rbbe
噶,rtav
壅,yvgg
樽,dtwi
橇,dhuu
澹,encr
燜,fanp
璣,mgvii
磧,mrqmc
簑,hywv
翱,hjsmm
蹂,rmnhd
鴕,hfjp
鴒,oihaf
檣,dgow
濬,eybu
燬,fhge
簌,hdlo
糜,icfd
縴,vfyvq
薔,tgow
蟒,litit
螻,lillv
轅,jjgrv
鎂,ctgk
鮪,nfkb
麋,ipfd
彝,vmfft
繚,vfkcf
藐,tbhu
蟯,liggu
謫,yrycb
鎊,cybs
颺,hnamh
鯽,nfail
鏤,cllv
騖,nksqf
孀,vmbu
鐫,cogs
囈,rtgi
瓤,yvhvo
贗,mofc
轡,vfr
纓,vfbcv
饞,oinri
躪,rmtag
鱸,nfypt
伎,oje
坳,gvis
芮,tob
峋,upa
柀,ddhe
苳,they
唑,roog
挲,ehq
酚,mwcsh
摀,qhrf
酯,mwpa
敻,nbbuk
熠,fsma
蝟,liwb
鋐,cjki
蕁,tsmi
鴟,hihaf
擤,qhul
謢,yroge
鬈,shfqu
鏞,cilb
鶇,dwhaf
鶩,nkhaf
驁,gksqf
鶻,bbhaf
鶺,fbhaf
灕,eybg
龕,orybp
鸝,mphaf
丕,mfm
叼,rsm
叵,sr
戊,ih
汨,ea
侖,ombt
杷,dau
枇,dpp
狎,khwl
狙,khbm
臾,hxo
陂,nldhe
俎,oobm
柩,dsno
氟,onlln
疣,kiku
苜,tbu
苯,tdm
觔,nbks
訃,yry
唏,rkkb
捎,qfb
捂,qmmr
捍,qamj
氤,onwk
茗,tnir
荃,tomg
蚜,limvh
逅,yhmr
婁,llv
婢,vhwj
掖,qyok
笞,hir
訛,yrop
媛,vbme
戟,jji
揹,qlpb
渤,ejds
渙,enbk
焙,fytr
甥,hmwks
筑,hmhn
腆,btbc
菅,tjrr
貽,bcir
跛,rmdhe
閎,anki
隍,nlhag
雯,mbyk
剿,vdln
搽,qtod
滇,ejbc
痱,klmy
筮,hmoo
綏,vfbv
鉀,cwl
鉍,cph
雹,mbpru
嗷,rgsk
榷,dobg
綰,vfjrr
綾,vfgce
蓑,tywv
賒,bcomf
輓,jjnau
嬋,vrrj
碾,mrstv
磕,mrgit
蓿,tjoa
諂,yrnhx
諍,yrbsd
諛,yrhxo
踫,rmttc
頫,lmuoc
噙,royb
噱,rypo
撻,qygq
氅,fkhqu
熹,grtf
甌,srmvn
瘴,kytj
篙,hyrb
篦,hhwp
縝,vfjbc
臻,mgqkd
蕈,tmwj
錚,cbsd
霑,mbeyr
鞘,tjfb
嶸,uffd
糠,fdile
臆,bytp
螫,gklmi
邂,ynbq
醣,mwilr
懣,ebp
攆,qqoj
薺,tyx
覲,tmbuu
觴,nboah
謨,yrtak
蹙,ifryo
邇,ymfb
黠,wfgr
瀨,edlc
璽,mbmgi
纂,hbuf
躅,rmwli
囀,rjji
櫺,dmbr
癩,kdlc
躋,rmyx
麝,iphhi
孿,vfnd
躑,rmtkl
鱔,nftgr
靄,mbyrv
鸞,vfhaf
圮,gsu
劭,srks
坌,cshg
忑,myp
忐,ymp
忤,poj
沏,epsh
芐,tmy
侄,omig
囷,whd
囹,woii
坯,gmfm
枒,dmvh
珈,mgksr
哧,rglc
栱,dtc
桎,dmig
荖,tjkp
悱,plmy
掇,qeee
掮,qhsb
淖,eyaj
脛,bmvm
啷,riil
嵋,uahu
揠,qsav
淼,eee
焯,fyaj
酡,mwjp
頇,mjmbc
僂,ollv
嗒,rtor
搐,qyvw
痾,knlr
碇,mrjmo
觥,nbfmu
獃,utik
粿,fdwd
槤,dyjj
鄯,trnl
鋕,cgp
圜,wwlv
廩,iywd
澯,eyed
燁,ftmj
縟,vfmvi
螅,lihup
殭,mnmwm
臊,brrd
隰,nlavf
嚙,rymu
饈,oitqg
鐐,ckcf
韾,geyta
顢,tbmbc
鱒,nftwi
鑫,ccc
刁,sm
尹,sk
丞,nem
夙,hnmni
汕,eu
佝,opr
佚,ohqo
刨,puln
囤,wpu
囫,wphh
妤,vnin
邢,mtnl
佯,otq
佾,ocb
卹,htsl
呶,rve
忝,hkp
杳,da
枓,dyj
歿,mnne
姣,vyck
庠,itq
恪,pher
洱,esj
洫,ehbt
甭,mfbq
胥,nob
胤,lvbu
胝,bhpm
閂,anm
倔,osuu
冢,bmso
圄,wmmr
奘,vgk
宸,jmmv
崁,ugno
桀,nqd
浬,ewg
浚,eice
烊,ftq
珮,mghnb
珪,mggg
疳,ktm
秣,hddj
紕,vfpp
胼,btt
訖,yron
婀,vnlr
崢,ubsd
庾,ihxo
涮,esbn
蛄,lijr
訥,yrob
赧,gcsle
堠,gonk
愀,phdf
猥,khwmv
琺,mgegi
痣,kgp
筏,hoi
菰,tndo
覃,mwaj
詆,yrhpm
賁,jtbc
跎,rmjp
閔,anyk
飩,oipu
幌,lbafu
慍,pwot
愷,pumt
搆,qttb
楹,dnst
溘,egit
硼,mrbb
祺,iftmc
葩,thau
詣,yrpa
訾,ypymr
鈸,cike
鈾,clw
鳩,knhaf
僭,omua
摑,qwim
摭,qitf
暝,abac
槁,dyrb
漳,eytj
漕,etwa
睽,bunok
膈,bmrb
蓀,tndf
蜩,libgr
賑,bcmmv
跼,rmssr
餉,oihbr
骰,bbhne
儂,otwv
犛,jkmhq
瑾,mgtlm
箴,hihr
豌,mtjnu
鋅,cytj
駑,vesqf
骷,bbjr
橈,dggu
燎,fkcf
瘸,kkrb
瞠,bufbg
錳,cndt
錙,cvvw
餛,oiapp
駢,sftt
黔,wfoin
懋,ddp
燧,fyto
篾,hwli
篠,hold
臃,byvg
薊,tnfn
蹉,rmtqm
歟,hcno
燾,gnmf
穠,hdtwv
簫,hlx
簣,hlmc
繕,vftgr
蹕,rmwtj
鎗,coir
鬃,shjmf
鼬,hvlw
獺,khdlc
藪,tlvk
譁,yrtmj
蹬,rmnot
巉,unri
礬,ddkmr
蘑,ticr
蠔,liyro
躂,rmygq
儸,owlg
殲,mnoim
羼,stqq
蘚,tnfq
髏,bbllv
躓,rmhlc
韁,tjmwm
饕,rnoiv
蠱,lilit
蠹,jbmri
讖,yroim
贛,yjhec
顰,ychwj
鬣,shvvv
夯,kks
囡,wv
帔,lbdhe
怦,pmfj
怙,pjr
怍,pos
沺,ew
砒,mrpp
笏,hphh
衿,loin
圇,womb
梏,dhgr
欷,kbno
欸,ikno
笳,hksr
趼,rmmjj
逋,yijb
逡,yice
馗,knthu
睇,bucnh
筊,hyck
袷,lomr
飫,oihk
黹,tcfb
嗝,rmrb
搯,qbhx
煠,fptd
綃,vffb
葚,ttmv
葺,trsj
蜉,libnd
詡,yrsmm
遒,ytcw
酮,mwbmr
熏,hgf
箍,hqsb
綹,vfhor
蒡,tybs
蜚,lylmi
裱,lqmv
觫,nbdl
噘,rmto
窳,jchoo
蔻,tjme
樨,dseq
盦,oint
篝,httb
醐,mwjrb
醍,mwamo
鴝,prhaf
璫,mgfbw
璐,mgrmr
皤,hahdw
襁,lnii
觳,gbhne
蹐,rmfcb
鍘,cbcn
燿,fsmg
髀,bbhwj
櫫,mad
鏹,cnii
臞,bbug
鬟,shwlv
仃,omn
朴,dy
呃,rmsu
坏,gmf
孚,bnd
彤,byhhh
杓,dpi
沅,emmu
沂,ehml
劾,yoks
岫,ulw
沱,ejp
祁,ifnl
芯,tp
芾,tjb
冑,lwb
峒,ubmr
恫,pbmr
枰,dmfj
玷,mgyr
癸,nomk
皈,hahe
紆,vfmd
胛,bwl
虻,liyv
迨,yir
酊,mwmn
亳,yrbp
娉,vlws
屘,sund
峴,ubuu
悌,pcnh
晁,almo
涌,enib
罟,wljr
荀,tpa
蚩,umli
蚣,lici
訌,yrm
偃,osav
唳,rhsk
啁,rbgr
埤,ghwj
婊,vqmv
徠,hodoo
梆,dqjl
淬,eyoj
琍,mghdn
翎,oismm
舂,qkhx
莘,tytj
莠,thds
蚵,limnr
軛,jjmsu
雩,mbmms
喫,rqhk
媧,vbbr
崴,uihv
廄,iaie
愎,poae
晷,ahor
氮,onff
湎,emwl
皴,iedhe
翕,orsmm
萋,tjlv
萸,thxo
蛐,litw
逶,yhdv
鈑,che
飧,nioiv
塋,ffbg
嵯,utqm
愆,hnp
楫,drsj
滓,ejyj
牒,llptd
猷,twik
筧,hbuu
絛,olhf
葭,trse
葆,tord
蜈,lirmk
裘,ieyhv
酩,mwnir
塹,jlg
嫗,vsrr
嫘,vwvf
嫣,vmyf
幗,lbwim
槃,hed
箝,hqtm
箸,hjka
遛,yhhw
鉸,cyck
靼,tjam
劊,oaln
撚,qbkf
樅,dhoo
熨,sif
獗,khmto
畿,viw
瞑,bubac
瞋,bujbc
篌,honk
羯,tqapv
踟,rmokr
儔,ogni
劓,hlln
噫,rytp
嬴,ynv
瞟,bumwf
磬,gemr
縑,vftxc
縉,vfmca
蕞,tase
褫,lhyn
錕,capp
靛,qbjmo
頷,ormbc
櫛,dhal
殮,mnomo
濠,eyro
獰,khjpn
窿,jcnlm
糝,fdiih
繅,vfvvd
罄,geoju
轂,gjhne
鍬,chdf
颶,hnbmc
燻,fhgf
癘,ktwb
瞽,gebu
簞,hrrj
聶,sjsjj
邈,ybhu
餾,oihhw
餿,oihxe
鵠,hrhaf
籀,hqhw
羶,tqywm
襠,lfbw
醮,mwogf
饉,oitlm
鶉,ydhaf
鵪,kuhaf
礪,mrmtb
臚,bypt
譟,yrrrd
醴,mwtwt
鰓,nfwp
鼯,hvmmr
蠡,volii
襬,lwlp
驃,sfmwf
鱉,fknwf
鑠,cvid
鱖,nfmto
癲,kjcc
衢,hobgn
讒,yrnri
髖,bbjti
囟,hwk
忒,ipp
杌,dmu
汱,eik
汩,ea
咂,rslb
呯,rmfj
妲,vam
戔,ii
旻,ayk
泫,eyvi
矸,mrmj
矻,mron
侲,ommv
茍,tpr
恓,pmcw
拏,veq
昵,asp
昴,ahhl
殄,mnohh
氡,onhey
珂,mgmnr
疪,kpp
眄,bumls
眊,buhqu
耷,ksj
倬,oyaj
捅,qnib
桉,djv
烔,fbmr
狺,khymr
茯,toik
荇,thon
蚍,lipp
豇,mtm
趵,rmpi
偈,oapv
啥,romr
婕,vjlo
罣,wlgg
荳,tmrt
荿,tihs
趿,rmnhe
喑,ryta
喁,rwlb
堞,gptd
惄,yep
掰,hqchq
棱,dgce
棼,ddcsh
椋,dyrf
氰,onqmb
菘,tdci
菖,taa
詎,yrss
趄,gobm
亶,ywrm
傴,osrr
嗖,rhxe
塍,bfqg
嫄,vmhf
嵊,uhdp
椹,dtmv
痼,kwjr
祼,ifwd
粲,yefd
趑,goimo
銃,cyiu
墘,gjjn
愨,gep
慓,pmwf
戩,mai
撂,qwhr
槎,dtqm
殞,mnrbc
漈,ebof
瘖,kyta
箜,hjcm
蒺,tkok
蒴,ttub
蒔,tagi
裾,lsjr
嬏,vhdw
槿,dtlm
澇,effs
璇,mgyso
磔,mrnqd
篋,hsko
箬,htkr
翬,smbjj
蓽,twtj
虢,biypn
踮,rmiyr
醅,mwytr
鋌,cnkg
閰,anhx
靚,qbbuu
頦,yombc
嬗,vywm
暾,aydk
殫,mnrrj
潞,ermr
獪,khoma
螄,lihrb
諢,yrbjj
髹,shod
懨,pmak
癈,knoe
篳,hwtj
罅,ouypd
薏,tytp
蟊,nhlii
螽,hylii
謅,yrpuu
謇,jtcr
蹓,rmhhw
鎏,euc
騃,sfiok
瀅,effi
簟,hmwj
蟳,lismi
謳,yrsrr
謾,yrawe
醯,mwyit
鎌,ctxc
鯁,nfmlk
鵜,chhaf
瀧,eybp
艤,hytgi
藜,thhe
鎩,ckce
鯗,tonwf
鵯,hjhaf
蘢,tybp
鐙,cnot
衊,httwi
躕,rmigi
鬻,nnmrb
鬲,mrbl
鱈,nfmbm
攥,qhbf
讎,ogyrg
鷯,kfhaf
鷦,ofhaf
鷴,adhaf
囍,grgrr
鑱,cnri
靉,mibbe
刈,kln
卮,hmsu
叻,rks
朮,ijc
伕,oqo
仳,opp
刎,phln
圩,gmd
妁,vpi
汛,enj
汎,ehni
佗,ojp
岐,uje
忸,png
汾,ecsh
沆,eyhn
佻,olmo
侑,okb
劻,sgks
呸,rmfm
坩,gtm
坼,ghmy
妯,vlw
岷,urvp
帑,velb
庖,ipru
怩,psp
枋,dyhs
杼,dnin
杪,dfh
杲,ad
泗,ewc
泖,ehhl
玟,mgyk
肱,bki
芰,tje
邶,lmpnl
俟,oiok
兗,ycrhu
咨,ior
姘,vtt
宥,jkb
弈,yct
徇,hopa
拽,qlwp
柙,dwl
柝,dhmy
柒,epd
洌,emnn
炤,fshr
牯,hqjr
牴,hqhpm
玳,mgoip
畎,wik
疥,koll
疢,kf
盅,lbt
禺,wlbi
胄,lwb
茆,thhl
倌,ojrr
倥,ojcm
俳,olmy
俾,ohwj
娌,vwg
峪,ucor
挈,qhq
敉,fdok
桁,dhon
氦,onyvo
浥,erau
珞,mgher
疽,kbm
疸,kam
皰,depru
砝,mrgi
砭,mrhio
祗,ifhpm
祚,ifos
胴,bbmr
舨,hyhe
茴,twr
荏,tohg
衹,lhvp
訏,yrmd
豺,bhdh
軔,jjshi
匏,kspru
啗,rnhx
寅,jmlc
旎,ysosp
毬,huije
涪,eytr
猙,khbsd
粕,fdha
耜,qdrlr
舷,hyyvi
莢,tkoo
莆,tijb
莧,tbuu
蛆,libm
袈,kryhv
趺,rmqo
釧,clll
傖,ooir
傚,oykk
剴,utln
堰,gsav
孱,sndd
巽,rutc
幀,lbybc
幃,lbdmq
愒,papv
棹,dyaj
氬,onmlm
湔,etbn
湲,ebme
腌,bklu
蛭,limig
詁,yrjr
逵,ygcg
閏,anmg
傯,ohwp
僇,osmh
剷,ymln
剽,mfln
嗨,reoy
塒,gagi
愾,pond
戡,tvi
楨,dybc
溥,eibi
溴,ehuk
煜,fayt
瑁,mgabu
痿,khdv
睢,buog
萱,tjmm
蜆,libuu
蜊,lihdn
裟,ehyhv
詼,yrkf
豢,fqmso
貉,bhher
輊,jjmig
鉉,cyvi
麂,iphn
僮,oytg
慇,hep
斡,jjoyj
旖,ysokr
榛,dqkd
犖,ffbhq
緇,vfvvw
綬,vfbbe
臧,imsll
蓊,tcim
誥,yrhgr
誑,yrkhg
誚,yrfb
銨,cjv
儈,ooma
墦,ghdw
嶔,ucno
槨,dydl
滕,bfqe
潟,ehxf
牖,llhsb
稷,hdwce
篁,hhag
緙,vftlj
緹,vfamo
褕,lomn
賡,iloc
輞,jjbtv
駟,sfwc
鴃,hfdk
麩,jeqo
麾,ichqu
儐,ojmc
冪,btab
暹,yaog
曄,atmj
澧,etwt
璜,mgtlc
甍,twln
篡,hbui
縊,vftct
翮,mbsmm
耨,qdmvi
褡,ltor
諶,yrtmv
錠,cjmo
檠,tkd
濮,eoto
濰,evfg
燴,foma
璩,mgypo
癆,kffs
磴,mrnot
縵,vfawe
薜,tsrj
褸,lllv
闋,annok
檮,dgni
繒,vfcwa
臏,bjmc
鎢,chrf
鎬,cyrb
霤,mbhhw
顓,ubmbc
餽,oihui
餮,mhoiv
鯀,nfhvf
羸,yntq
襞,sjyhv
醱,mwnoe
鏜,cfbg
鏖,ipc
韜,dqbhx
鯖,nfqmb
襤,lsit
鐃,cggu
霰,mbtbk
夔,tche
曩,ayrv
顥,afmbc
鰥,nfwle
齜,yuymp
齧,qhymu
玀,khwlg
癬,knfq
禳,ifyrv
酈,mpnl
霽,mbyx
鰾,nfmwf
鼴,hvsav
瓚,mghuc
纔,vfnri
臢,bhuc
黌,hbtlc
灤,evfd
韉,tjtif
鸛,tghaf
乜,pn
仨,ommm
仝,om
尻,skn
伢,omvh
卍,nx
屼,umu
扞,qmj
佉,ogi
佟,ohey
尪,kumg
忻,phml
芑,tsu
邠,chnl
阨,nlmsu
阯,nlylm
刲,ggln
坫,gyr
妺,vdj
孥,vend
宓,jph
帙,lbhqo
戽,hsyj
拊,qodi
玦,mgdk
甾,vvw
盱,bumd
虯,livl
迒,yyhn
迓,ymvh
邯,tmnl
邳,mmnl
俛,onau
剉,ogln
姮,vmam
巹,nemsu
恂,ppa
昶,iea
柺,drks
洒,emcw
炷,fyg
炾,frhu
瓮,cimn
苡,tvio
苺,twyi
衩,lei
唊,rkoo
悒,prau
挼,qbv
旄,ysohu
栖,dmcw
浡,ejbd
痀,kpr
眛,bujd
眚,hmbu
砯,mrie
笄,hmt
茛,tav
茬,tklg
蚨,liqo
蚋,liob
偲,owp
偁,obgb
啐,ryoj
堇,tlqm
庴,ita
庹,itso
悾,pjcm
惓,pfqu
惊,pyrf
掊,qytr
梫,dsme
淩,egce
珺,mgskr
眥,ypbu
砦,ypmr
笫,hlxh
紺,vftm
紿,vfir
翊,ytsmm
舸,hymnr
舳,hylw
舴,hyos
莩,tbnd
莪,thqi
袢,lfq
袪,lgi
袤,ynhv
逑,yije
傣,oqke
傜,obou
堣,gwlb
媜,vybc
崽,uwp
嵙,uhdj
愔,pyta
惲,pbjj
敧,krye
晬,ayoj
棓,dytr
椪,dttc
棝,dwjr
毳,huhuu
湫,ehdf
焢,fjcm
琡,mgyfe
甯,jpbq
硤,mrkoo
确,mrnbg
竦,ytdl
笻,hmsl
筌,homg
羡,tgimo
菧,tihi
菡,tune
衕,hobrn
觝,nbhpm
詈,wlymr
跖,rmmr
跏,rmksr
逭,yjrr
鄆,bjnl
酢,mwos
隈,nlwmv
僉,omro
嗲,rckn
媿,vhui
嵨,uhrf
彀,gnhne
搦,qnmm
楢,dtcw
椽,dvno
椴,dhje
歆,yano
殛,mnmem
溟,ebac
溽,emvi
滉,eafu
溲,ehxe
犍,hqnkq
瑋,mgdmq
畹,wjnu
稗,hdhwj
窣,jcyoj
筲,hfb
腩,bjbj
萩,thdf
裌,lkoo
誆,yrsmg
豊,twmrt
鉦,cmym
鳧,hfhn
嘜,rjon
墉,gilb
屣,shoo
嶀,umbs
慳,pseg
摶,qjii
榧,dsly
槙,djbc
漚,esrr
皸,bjdhe
瞀,nkbu
碭,mramh
綣,vffqu
綩,vfjnu
蒟,tytr
蒹,ttxc
蒻,tnmm
蓖,thwp
踅,qlryo
酺,mwijb
酲,mwrhg
颭,hnyr
髣,shyhs
儋,oncr
噚,rsmi
嘬,rase
嶗,uffs
廡,iotf
撅,qmto
殢,mnkpb
澂,eugk
璈,mggsk
瘙,keii
糅,fdnhd
翦,tbnm
膕,bwim
蝣,liysd
衚,hojrn
鄲,rjnl
鋃,ciav
霈,mbejb
駘,sfir
髫,shshr
鴇,pjhaf
鼐,nsbul
噠,rygq
壂,seg
壆,hbg
徼,hohsk
橚,dlx
歔,ycno
澣,ejjj
燔,fhdw
燊,fffd
窸,jchdp
篥,hmwd
縋,vfyhr
蕎,thkb
薌,tvhl
螗,liilr
螈,limhf
駪,sfhgu
麈,ipyg
麇,iphd
嚓,rjbf
擫,qmak
檥,dtgi
檉,dsrg
橿,dmwm
甑,camvn
癇,kanb
瞵,bufdq
瞷,buana
磽,mrggu
簏,hixp
膻,bywm
蕗,trmr
蕹,tyvg
褳,lyjj
醢,mwkrt
醛,mwtog
鎯,ciil
闇,anyta
餬,oijrb
黻,tbike
齔,yup
懟,tip
旛,ysohw
瀦,emoa
燹,mof
癤,khal
蟪,lijip
蹩,fkryo
轇,jjsmh
鄺,icnl
鎝,ctor
鎧,cumt
闓,anumt
韙,aodmq
騅,sfog
鬩,lnhxu
鼩,hvpr
齕,yuon
嚧,rypt
櫟,dvid
繯,vfwlv
羆,wlipf
覈,mwhsk
鏇,cyso
鏐,csmh
鞳,tjtor
黼,tbijb
櫪,dmhm
矍,buoge
礨,wwwr
繾,vfylr
蘅,thon
轕,jjtav
騭,nhsqf
鰈,nfptd
鰒,nfoae
鶘,jrbhf
鶖,hfhaf
鶦,jbhaf
灃,eujt
獾,khtrg
酆,utnl
闥,anygq
鰣,nfagi
鶼,tchaf
鷅,mdhaf
鶹,hwhaf
鼱,hvqmb
齎,yxbuc
糴,odsmg
罏,ouypt
艫,hyypt
驊,sftmj
鰹,nfseg
欒,vfd
讌,yrtlf
鷸,nbhaf
灝,eafc
纛,qmwyf
臠,vfobo
蠼,libue
鑴,cuob
顳,sjmbc
驤,sfyrv
戇,ycp
欞,dmbo
癵,kvfb
麤,ipipp
嫺,vanb
